Date,Connections,Likes,Profile_Visits
7/1/2024,800,150,100
7/2/2024,810,160,110
7/3/2024,820,170,120
7/4/2024,830,180,130
7/5/2024,840,190,140
7/6/2024,850,200,150
7/7/2024,860,210,160
7/8/2024,870,220,170
7/9/2024,880,230,180
7/10/2024,890,240,190
7/11/2024,900,250,200
7/12/2024,910,260,210
7/13/2024,920,270,220
7/14/2024,930,280,230
7/15/2024,940,290,240
7/16/2024,950,300,250
7/17/2024,960,310,260
7/18/2024,970,320,270
7/19/2024,980,330,280
7/20/2024,990,340,290
7/21/2024,1000,350,300
7/22/2024,1010,360,310
7/23/2024,1020,370,320
7/24/2024,1030,380,330
7/25/2024,1040,390,340
7/26/2024,1050,400,350
7/27/2024,1060,410,360
7/28/2024,1070,420,370
7/29/2024,1080,430,380
7/30/2024,1090,440,390
